request_id,submitted_by,category,urgency,escalate,routed_to,needs_human_review,review_reasons,confidence,summary,key_details,draft_reply,reasoning
REQ-001,Maria Lopez,IT Support,High,True,IT Service Desk,False,,0.9,"Hi, my laptop won't connect to the VPN since this morning.",,Thanks for reaching out. We've received your request and routed it to the right team.,Keyword baseline: 2 matching term(s) for IT Support.
REQ-004,Tom Becker,IT Support,High,True,IT Service Desk,False,,0.7,The monthly sales dashboard is showing last month's numbers again.,,Thanks for reaching out. We've received your request and routed it to the right team.,Keyword baseline: 1 matching term(s) for IT Support.
REQ-007,Emily Nguyen,Security,High,True,Security Operations,True,Security requests always get human review,0.9,I think I clicked a link in a suspicious email pretending to be from our CEO asking for gift cards.,,Thanks for reaching out. We've received your request and routed it to the right team.,Keyword baseline: 3 matching term(s) for Security.
REQ-012,James Wilson,IT Support,High,True,IT Service Desk,False,,0.9,"Salesforce is extremely slow for our whole team today, pages take over a minute to load.",,Thanks for reaching out. We've received your request and routed it to the right team.,Keyword baseline: 2 matching term(s) for IT Support.
REQ-016,Daniel Rivera,IT Support,High,True,IT Service Desk,False,,0.7,Customer data export to our reporting vendor failed overnight.,,Thanks for reaching out. We've received your request and routed it to the right team.,Keyword baseline: 1 matching term(s) for IT Support.
REQ-018,Chris Walker,Access Management,High,True,Identity & Access Team,True,Sensitive topic: terminate,0.9,"Please terminate system access for contractor Alex Morgan, their contract ended yesterday.",,Thanks for reaching out. We've received your request and routed it to the right team.,Keyword baseline: 2 matching term(s) for Access Management.
REQ-002,David Chen,Finance,Medium,False,Accounts Payable / Finance Ops,False,,0.7,"Please approve my Q3 travel expense report ($1,240).","amount: $1,240",Thanks for reaching out. We've received your request and routed it to the right team.,Keyword baseline: 1 matching term(s) for Finance.
REQ-003,Priya Patel,Access Management,Medium,False,Identity & Access Team,False,,0.9,"We have a new hire, Jordan Smith, starting Monday in Operations.",,Thanks for reaching out. We've received your request and routed it to the right team.,Keyword baseline: 3 matching term(s) for Access Management.
REQ-006,Luis Garcia,Finance,Medium,False,Accounts Payable / Finance Ops,False,,0.9,Vendor invoice #88231 from Acme Supplies was charged twice.,"amount: $4,500; invoice_number: #88231",Thanks for reaching out. We've received your request and routed it to the right team.,Keyword baseline: 2 matching term(s) for Finance.
REQ-009,Sarah Johnson,HR,Medium,False,HR Operations,True,"Sensitive topic: bank account, direct deposit",0.9,I need to update my direct deposit bank account before the next payroll run on the 15th.,,Thanks for reaching out. We've received your request and routed it to the right team.,Keyword baseline: 2 matching term(s) for HR.
REQ-005,Aisha Khan,HR,Low,False,HR Operations,False,,0.7,Can someone explain how many PTO days I have left?,,Thanks for reaching out. We've received your request and routed it to the right team.,Keyword baseline: 1 matching term(s) for HR.
REQ-008,Robert Kim,IT Support,Low,False,IT Service Desk,False,,0.7,Printer on the 3rd floor is jammed again.,,Thanks for reaching out. We've received your request and routed it to the right team.,Keyword baseline: 1 matching term(s) for IT Support.
REQ-010,Kevin Brown,Access Management,Low,False,Identity & Access Team,False,,0.9,Requesting access to the Finance SharePoint site for the budget planning project.,,Thanks for reaching out. We've received your request and routed it to the right team.,Keyword baseline: 2 matching term(s) for Access Management.
REQ-011,Olivia Martinez,Operations,Low,False,Business Operations,False,,0.9,Our team wants to automate the weekly status report we build by hand from three spreadsheets.,,Thanks for reaching out. We've received your request and routed it to the right team.,Keyword baseline: 2 matching term(s) for Operations.
REQ-013,Hannah Lee,Finance,Low,False,Accounts Payable / Finance Ops,False,,0.9,Can we get a quote for 20 new monitors for the analytics team?,"amount: $6,000",Thanks for reaching out. We've received your request and routed it to the right team.,Keyword baseline: 2 matching term(s) for Finance.
REQ-014,Marcus Taylor,Finance,Low,False,Accounts Payable / Finance Ops,False,,0.7,I was charged the wrong benefits premium on my last paycheck.,,Thanks for reaching out. We've received your request and routed it to the right team.,Keyword baseline: 1 matching term(s) for Finance.
REQ-015,Grace Thompson,Other,Low,False,Operations Intake,True,Low confidence (0.30); Could not be categorized,0.3,"Hello, just wanted to say thanks to the IT team for the quick help last week!",,Thanks for reaching out. We've received your request and routed it to the right team.,Keyword baseline: 0 matching term(s) for Other.
REQ-017,Sofia Ali,HR,Low,False,HR Operations,False,,0.7,Where can I find the updated remote work policy?,,Thanks for reaching out. We've received your request and routed it to the right team.,Keyword baseline: 1 matching term(s) for HR.
